Dataset,beta0,beta1,beta1 CI
d253 - Newport RI-yearly,-1.9077033427823187,0.21932766759608127,"(-0.2939083022533763, 0.7325636374455388)"
d260 - Duck Pier NC-yearly,-1.6128401715962317,0.27980871811534985,"(-0.7176609843691593, 1.2772784205998589)"
d261 - Charleston SC-yearly,1.4865754785674006,0.11788443837950409,"(-0.5583480290751346, 0.7941169058341428)"
d264 - Atlantic City NJ-yearly,-5.107373860873375,0.34750840481130446,"(-0.3910477574138365, 1.0860645670364455)"
d752 - Fort Pulaski GA-yearly,1.9059170843600803,0.13634891712812494,"(-0.6920179789621341, 0.964715813218384)"
