Dataset,beta0,beta1,beta2,beta1 C2
d253 - Newport RI-yearly,1068.6558309294253,-0.282643620855451,0.07130186339906493,"(0.06501347488406042, 0.07759025191406943)"
d260 - Duck Pier NC-yearly,6145.727698963992,2.9144479580036724,0.045378314366107585,"(0.03505268073332853, 0.05570394799888664)"
d261 - Charleston SC-yearly,1691.7123446004516,-1.1906918588408366,0.10155344413739666,"(0.09466612932321487, 0.10844075895157844)"
d264 - Atlantic City NJ-yearly,2125.5905306116892,0.591413367603558,0.07574283722163672,"(0.06803068395624659, 0.08345499048702684)"
d752 - Fort Pulaski GA-yearly,2175.570973423494,-0.6794869188239709,0.0994170873120682,"(0.0914975301018141, 0.1073366445223223)"
